<?xml version="1.0" encoding="UTF-8"?>
<project-private xmlns="http://www.netbeans.org/ns/project-private/1">
    <editor-bookmarks xmlns="http://www.netbeans.org/ns/editor-bookmarks/2" lastBookmarkId="0"/>
    <open-files xmlns="http://www.netbeans.org/ns/projectui-open-files/2">
        <group>
            <file>file:/Users/Angel/NetBeansProjects/ExamenFinalARM/src/examenfinalarm/Doctorado.java</file>
            <file>file:/Users/Angel/NetBeansProjects/ExamenFinalARM/src/examenfinalarm/Ventana.java</file>
            <file>file:/Users/Angel/NetBeansProjects/ExamenFinalARM/src/examenfinalarm/Congreso.java</file>
            <file>file:/Users/Angel/NetBeansProjects/ExamenFinalARM/src/examenfinalarm/Estudiante.java</file>
            <file>file:/Users/Angel/NetBeansProjects/ExamenFinalARM/src/examenfinalarm/PostDoc.java</file>
            <file>file:/Users/Angel/NetBeansProjects/ExamenFinalARM/src/examenfinalarm/ExamenFinalARM.java</file>
            <file>file:/Users/Angel/NetBeansProjects/ExamenFinalARM/src/examenfinalarm/Maestria.java</file>
            <file>file:/Users/Angel/NetBeansProjects/ExamenFinalARM/info.txt</file>
        </group>
    </open-files>
</project-private>
